date,new_cases,new_deaths,new_vaccinations,stringency_index,reproduction_rate,icu_patients,hosp_patients,new_cases_7d_avg,new_deaths_7d_avg,row_coverage,population,total_cases,total_deaths,people_vaccinated,people_fully_vaccinated,total_boosters,new_cases_per_100k,new_deaths_per_100k,total_cases_per_100k,total_deaths_per_100k,new_vaccinations_per_100k,icu_patients_per_100k,hosp_patients_per_100k,total_cases_pct_population,total_deaths_pct_population,people_vaccinated_pct_population,people_fully_vaccinated_pct_population,total_boosters_pct_population,location
2020-01-05,0.0,0.0,,0.0,,,,0.0,0.0,0.5555555555555556,67813000,0.0,0.0,,,,0.0,0.0,0.0,0.0,,,,0.0,0.0,,,,France
2020-01-12,0.0,0.0,,0.0,,,,0.0,0.0,0.5555555555555556,67813000,0.0,0.0,,,,0.0,0.0,0.0,0.0,,,,0.0,0.0,,,,France
2020-01-19,0.0,0.0,,0.0,,,,0.0,0.0,0.5555555555555556,67813000,0.0,0.0,,,,0.0,0.0,0.0,0.0,,,,0.0,0.0,,,,France
2020-01-26,3.0,0.0,,3.177142857142857,,,,0.061224489795918366,0.0,0.5555555555555556,67813000,3.0,0.0,,,,0.0006319900735425782,0.0,0.0006319900735425782,0.0,,,,6.319900735425782e-07,0.0,,,,France
2020-02-02,3.0,0.0,,5.56,,,,0.42857142857142855,0.0,0.5555555555555556,67813000,6.0,0.0,,,,0.0006319900735425782,0.0,0.0050559205883406256,0.0,,,,5.055920588340626e-06,0.0,,,,France
2020-02-09,6.0,0.0,,5.56,,,,0.4897959183673469,0.0,0.5555555555555556,67813000,12.0,0.0,,,,0.0012639801470851564,0.0,0.010111841176681251,0.0,,,,1.0111841176681251e-05,0.0,,,,France
2020-02-16,0.0,0.0,,5.56,,,,0.7346938775510203,0.0,0.5555555555555556,67813000,12.0,0.0,,,,0.0,0.0,0.01769572205919219,0.0,,,,1.769572205919219e-05,0.0,,,,France
2020-02-23,4.0,0.0,,5.56,,,,0.08163265306122448,0.0,0.5555555555555556,67813000,16.0,0.0,,,,0.0008426534313901044,0.0,0.018538375490582293,0.0,,,,1.8538375490582296e-05,0.0,,,,France
2020-03-01,0.0,0.0,,18.65142857142857,3.04,,,0.4897959183673469,0.0,0.5714285714285714,67813000,16.0,0.0,,,,0.0,0.0,0.02359429607892292,0.0,,,,2.359429607892292e-05,0.0,,,,France
2020-03-08,0.0,0.0,,43.98,3.0385714285714287,,,0.0,0.0,0.6666666666666666,67813000,16.0,0.0,,,,0.0,0.0,0.02359429607892292,0.0,,,,2.359429607892292e-05,0.0,,,,France
2020-03-15,0.0,43.0,,45.568571428571424,2.757142857142857,,,0.0,0.8775510204081634,0.6666666666666666,67813000,16.0,43.0,,,,0.0,0.00905852438744362,0.02359429607892292,0.00905852438744362,,,,2.359429607892292e-05,9.058524387443621e-06,,,,France
2020-03-22,0.0,670.0,,83.52857142857142,2.2885714285714287,1239.4,5025.0,0.0,18.938775510204078,0.8253968253968254,67813000,16.0,713.0,,,,0.0,0.1411444497578425,0.02359429607892292,0.20455412046994784,,1.827673160013567,7.410083612286729,2.359429607892292e-05,0.0002045541204699478,,,,France
2020-03-29,0.0,1999.0,,87.96,1.81,3350.714285714286,13911.285714285714,0.0,122.83673469387755,0.8888888888888887,67813000,16.0,2712.0,,,,0.0,0.42111605233720467,0.02359429607892292,1.472536871354207,,4.941109058313724,20.51418712383424,2.359429607892292e-05,0.0014725368713542073,,,,France
2020-04-05,0.0,3276.0,,87.96,1.3699999999999999,6133.571428571428,25477.714285714286,0.0,311.6326530612245,0.8888888888888887,67813000,16.0,5988.0,,,,0.0,0.6901331603084955,0.02359429607892292,4.68936634568593,,9.04483126918353,37.57054589195919,2.359429607892292e-05,0.004689366345685931,,,,France
2020-04-12,0.0,3344.0,,87.96,0.9928571428571429,6892.714285714285,30599.571428571428,0.0,469.38775510204084,0.8888888888888887,67813000,16.0,9332.0,,,,0.0,0.7044582686421272,0.02359429607892292,9.53462357617903,,10.164296352785286,45.12345926086654,2.359429607892292e-05,0.00953462357617903,,,,France
2020-04-19,0.0,2730.0,,87.96,0.7485714285714286,6151.142857142857,31277.14285714286,0.0,465.18367346938777,0.8888888888888887,67813000,16.0,12062.0,,,,0.0,0.5751109669237462,0.02359429607892292,14.33648415495554,,9.070742862198777,46.12263556713736,2.359429607892292e-05,0.01433648415495554,,,,France
2020-04-26,0.0,2096.0,,87.96,0.6328571428571428,5005.142857142857,29139.0,0.0,377.06122448979596,0.8888888888888887,67813000,16.0,14158.0,,,,0.0,0.4415503980484146,0.02359429607892292,18.22870035454643,,7.380801405545924,42.96963709023344,2.359429607892292e-05,0.018228700354546434,,,,France
2020-05-03,0.0,1406.0,,87.96,0.6442857142857142,4049.1428571428573,26541.14285714286,0.0,285.34693877551024,0.8888888888888887,67813000,16.0,15564.0,,,,0.0,0.2961926811336217,0.02359429607892292,21.17419542397054,,5.971042214830279,39.13872392777618,2.359429607892292e-05,0.02117419542397054,,,,France
2020-05-10,0.0,1056.0,,87.96,0.6285714285714287,3047.4285714285716,23561.428571428572,0.0,193.71428571428572,0.8888888888888887,67813000,16.0,16620.0,,,,0.0,0.22246050588698754,0.02359429607892292,23.17381201665926,,4.493870749603426,34.74470760979248,2.359429607892292e-05,0.023173812016659256,,,,France
2020-05-17,677.0,810.0,,76.85,0.64,2300.4285714285716,20519.14285714286,13.816326530612244,145.83673469387756,0.8888888888888887,67813000,693.0,17430.0,,,,0.14261909326277514,0.1706373198564961,0.16621338934169808,24.679212371837682,,3.3923120514187124,30.258420741071564,0.00016621338934169808,0.02467921237183768,,,,France
2020-05-24,4340.0,562.0,,76.85,0.8928571428571429,1740.5714285714287,17764.571428571428,171.46938775510202,110.65306122448979,0.8888888888888887,67813000,5033.0,17992.0,,,,0.9142789730582631,0.11839280711030967,1.9362069219766123,25.82142909808697,,2.5667223520142577,26.19640987505556,0.001936206921976612,0.025821429098086966,,,,France
2020-05-31,3436.0,471.0,,75.26428571428572,1.2771428571428571,1408.7142857142858,15282.285714285714,601.5510204081633,78.42857142857143,0.8888888888888887,67813000,8469.0,18463.0,,,,0.7238392975640996,0.09922244154618479,8.14572005789029,26.63100838229501,,2.0773513717344545,22.535923369096952,0.00814572005789029,0.02663100838229501,,,,France
2020-06-07,2745.0,331.0,,72.61714285714285,1.0285714285714287,1131.7142857142858,13176.0,476.7551020408163,64.42857142857143,0.8888888888888887,67813000,11214.0,18794.0,,,,0.578270917291459,0.06972957144753113,13.067026760566348,27.296072603019645,,1.6688751208681016,19.429902820993025,0.01306702676056635,0.027296072603019646,,,,France
2020-06-14,2627.0,258.0,,72.22,0.8457142857142858,890.7142857142857,11430.714285714286,389.734693877551,45.795918367346935,0.8888888888888887,67813000,13841.0,19052.0,,,,0.553412641065451,0.054351146324661724,17.09006490538055,27.768801178029495,,1.3134860361793252,16.856228578169798,0.017090064905380554,0.027768801178029497,,,,France
2020-06-21,2267.0,159.0,,72.22,0.9,735.8571428571429,10142.0,367.93877551020404,34.836734693877546,0.8888888888888887,67813000,16108.0,19211.0,,,,0.47757383224034156,0.033495473897756645,20.8881145840136,28.12840352987522,,1.085126956272607,14.955834427027266,0.0208881145840136,0.028128403529875223,,,,France
2020-06-28,2024.0,111.0,,51.85,1.0,624.8571428571429,9103.857142857143,318.89795918367344,21.73469387755102,0.8888888888888887,67813000,18132.0,19322.0,,,,0.4263826362833928,0.023383632721075392,24.17994021373904,28.35276000598284,,0.9214415272250791,13.424943805549294,0.024179940213739044,0.028352760005982837,,,,France
2020-07-05,2324.0,100.0,,51.85,1.0671428571428572,547.8571428571429,8171.428571428572,295.26530612244903,15.63265306122449,0.8888888888888887,67813000,20456.0,19422.0,,,,0.48958164363765055,0.02106633578475261,27.227817675077045,28.514128138094044,,0.8078939773452625,12.04994406887849,0.027227817675077048,0.028514128138094043,,,,France
2020-07-12,2853.0,120.0,,50.26428571428572,1.0985714285714285,490.7142857142857,7250.0,342.7959183673469,14.693877551020408,0.8888888888888887,67813000,23309.0,19542.0,,,,0.6010225599389919,0.025279602941703127,30.766330096841944,28.66580575574426,,0.723628634206252,10.691165410761949,0.030766330096841942,0.02866580575574426,,,,France
2020-07-19,3510.0,94.0,,46.3,1.2,456.42857142857144,6759.714285714285,420.97959183673464,16.612244897959183,0.8888888888888887,67813000,26819.0,19636.0,,,,0.7394283860448165,0.01980235563766745,35.11189384252071,28.837285729032146,,0.6730694283228458,9.968168766629239,0.03511189384252071,0.02883728572903215,,,,France
2020-07-26,5565.0,98.0,,46.3,1.3314285714285714,403.2857142857143,6025.428571428572,543.3673469387755,13.510204081632653,0.8888888888888887,67813000,32384.0,19734.0,,,,1.1723415864214828,0.020645009069057557,40.7208057452111,28.976744871927213,,0.5947026592035661,8.885359107292954,0.04072080574521109,0.028976744871927213,,,,France
2020-08-02,7676.0,77.0,,46.3,1.3742857142857143,354.85714285714283,5355.571428571428,838.0816326530612,13.571428571428571,0.8888888888888887,67813000,40060.0,19811.0,,,,1.6170519348376102,0.016221078554259506,49.3719071985776,29.116836004895816,,0.5232877808932548,7.897558622345905,0.0493719071985776,0.029116836004895816,,,,France
2020-08-09,10899.0,69.0,,46.3,1.4285714285714286,363.2857142857143,5049.571428571428,1162.3469387755104,10.83673469387755,0.8888888888888887,67813000,50959.0,19880.0,,,,2.2960199371801866,0.014535771691479302,61.37023874478344,29.228698247912856,,0.5357169190062587,7.446317709836505,0.061370238744783444,0.029228698247912854,,,,France
2020-08-16,16650.0,92.0,,47.09285714285714,1.4628571428571429,356.42857142857144,4867.714285714285,1674.3673469387754,10.326530612244898,0.8888888888888887,67813000,67609.0,19972.0,,,,3.5075449081613095,0.0193810289219724,78.65390327602589,29.3352939069837,,0.5256050778295775,7.178143255296604,0.07865390327602587,0.0293352939069837,,,,France
2020-08-23,25208.0,118.0,,48.15,1.42,364.85714285714283,4751.428571428572,2553.224489795918,13.673469387755102,0.8888888888888887,67813000,92817.0,20090.0,,,,5.310401924620437,0.02485827622600808,105.00957464961418,29.476438356741543,,0.5380342159425816,7.006663282008717,0.10500957464961416,0.029476438356741543,,,,France
2020-08-30,37753.0,111.0,,48.15,1.4114285714285713,386.7142857142857,4548.571428571428,3857.163265306123,16.714285714285715,0.8888888888888887,67813000,130570.0,20201.0,,,,7.953173748817652,0.023383632721075392,144.82515994615443,29.64897164681867,,0.5702657096932531,6.7075213138652305,0.14482515994615444,0.02964897164681867,,,,France
2020-09-06,50197.0,126.0,,48.01571428571429,1.3285714285714287,448.85714285714283,4629.428571428572,5647.2448979591845,16.163265306122447,0.8888888888888887,67813000,180767.0,20327.0,,,,10.574668573872264,0.026543583088788285,203.11887101293263,29.81581702623391,,0.6619042703569269,6.82675677440693,0.2031188710129326,0.02981581702623391,,,,France
2020-09-13,61432.0,258.0,,48.61,1.2542857142857142,606.4285714285714,5061.857142857143,7400.285714285715,20.69387755102041,0.8888888888888887,67813000,242199.0,20585.0,,,,12.941471399289222,0.054351146324661724,279.5083538554555,30.029429671091297,,0.8942659540627481,7.464434758611391,0.2795083538554554,0.030029429671091297,,,,France
2020-09-20,73481.0,429.0,,48.61,1.22,789.5714285714286,5630.428571428572,9021.897959183672,40.346938775510196,0.8888888888888887,67813000,315680.0,21014.0,,,,15.479754197994064,0.09037458051658867,372.6369364491849,30.445911129555856,,1.1643363788232768,8.302874922844545,0.37263693644918483,0.030445911129555858,,,,France
2020-09-27,72509.0,559.0,,47.81857142857143,1.1842857142857142,1028.7142857142858,5971.142857142857,10477.448979591836,63.93877551020408,0.8888888888888887,67813000,388189.0,21573.0,,,,15.274989414166269,0.11776081703676707,480.7904510513155,31.105919429692158,,1.5169868398600352,8.805307031310894,0.4807904510513155,0.031105919429692156,,,,France
2020-10-04,74819.0,561.0,,49.54,1.1542857142857144,1248.7142857142858,6647.0,10405.57142857143,79.89795918367348,0.8888888888888887,67813000,463008.0,22134.0,,,,15.761621770794052,0.11818214375246212,588.2020093071071,31.930666475665223,,1.8414084109452256,9.801955377287541,0.5882020093071071,0.031930666475665226,,,,France
2020-10-11,116159.0,690.0,,47.951428571428565,1.2485714285714287,1432.5714285714287,7688.571428571428,11532.102040816328,82.77551020408164,0.8888888888888887,67813000,579167.0,22824.0,,,,24.47044498421078,0.14535771691479302,707.2421849160822,32.78511705509479,,2.1125321524949916,11.337901919353854,0.7072421849160823,0.032785117055094785,,,,France
2020-10-18,167835.0,963.0,,45.568571428571424,1.3157142857142858,1739.2857142857142,9667.57142857143,17648.755102040817,104.14285714285714,0.8888888888888887,67813000,747002.0,23787.0,,,,35.35668466433954,0.2028688136071676,889.4215394856865,33.86013217019072,,2.56482638179363,14.256221415615633,0.8894215394856865,0.03386013217019072,,,,France
2020-10-25,261329.0,1774.0,,49.54,1.3542857142857143,2329.285714285714,14046.0,25884.4693877551,154.12244897959184,0.8888888888888887,67813000,1008331.0,25561.0,,,,55.052444642936145,0.37371679682151127,1156.6140921146598,35.45106184865523,,3.434866049703913,20.71284267028446,1.1566140921146597,0.03545106184865523,,,,France
2020-11-01,332505.0,3154.0,,62.037142857142854,1.3442857142857143,3176.1428571428573,21033.428571428572,38785.28571428572,281.59183673469386,0.8888888888888887,67813000,1340836.0,28715.0,,,,70.04661980109167,0.6644322306510972,1556.9753797733683,38.357794860235394,,4.6836784350240475,31.016808829322656,1.5569753797733683,0.03835779486023539,,,,France
2020-11-08,303116.0,4794.0,,78.7,1.2057142857142857,4164.142857142857,27977.714285714286,46900.9387755102,484.0408163265306,0.8888888888888887,67813000,1643952.0,33509.0,,,,63.85543437731071,1.0099201375210398,2041.110532957229,43.354308381663024,,6.140626217897537,41.25715465429089,2.0411105329572288,0.04335430838166302,,,,France
2020-11-15,176429.0,5487.0,,78.7,0.8728571428571429,4815.428571428572,32191.571428571428,40716.83673469388,699.0,0.8888888888888887,67813000,1820381.0,38996.0,,,,37.167125561681175,1.1559098445093756,2461.4102647827744,50.56973905129864,,7.101040466324409,47.47109172071937,2.4614102647827742,0.05056973905129864,,,,France
2020-11-22,114947.0,5602.0,,78.7,0.7300000000000001,4669.571428571428,32356.0,23949.408163265307,786.2040816326531,0.8888888888888887,67813000,1935328.0,44598.0,,,,24.21512099449958,1.1801361306618412,2708.6281391473613,58.68533424901672,,6.885953177962085,47.71356524560188,2.7086281391473612,0.05868533424901672,,,,France
2020-11-29,77077.0,4679.0,,77.64285714285714,0.6742857142857143,4033.8571428571427,29473.14285714286,15648.142857142857,781.4489795918369,0.8888888888888887,67813000,2012405.0,49277.0,,,,16.23729963281377,0.9856938513685746,2870.156164747172,66.75184488435636,,5.948501235540594,43.4623786842388,2.870156164747172,0.06675184488435634,,,,France
2020-12-06,71372.0,3963.0,,75.0,0.7871428571428571,3419.8571428571427,26869.428571428572,10894.57142857143,653.8163265306123,0.8888888888888887,67813000,2083777.0,53240.0,,,,15.035465176293629,0.8348588871497459,2982.6154277203486,73.50086687971755,,5.043070123511926,39.62282832410979,2.9826154277203485,0.07350086687971755,,,,France
2020-12-13,77674.0,3792.0,,75.0,0.9328571428571429,2976.0,25434.0,10324.612244897959,562.6530612244898,0.8888888888888887,67813000,2161451.0,57032.0,,,,16.36306565744874,0.7988354529578189,3089.191284435559,79.30885565557385,,4.388539070679663,37.50608290445785,3.0891912844355587,0.07930885565557384,,,,France
2020-12-20,92919.0,3383.0,,65.47714285714287,1.0285714285714287,2804.5714285714284,25116.0,11407.408163265307,533.3673469387755,0.8888888888888887,67813000,2254370.0,60415.0,,,,19.574628547834273,0.7126741395981807,3206.944306928086,84.81454251291893,,4.135743041262631,37.037146269889256,3.2069443069280856,0.08481454251291895,,,,France
2020-12-27,83888.0,3119.0,,63.89,1.0314285714285716,2672.285714285714,24716.428571428572,13089.836734693878,477.89795918367344,0.8888888888888887,67813000,2338258.0,63534.0,616.0,,,17.67212776311327,0.6570590131264338,3342.064205978205,89.74764636363444,,3.940668771895823,36.44792085798972,3.342064205978205,0.08974764636363444,0.0009083803990385324,,,France
2021-01-03,88948.0,2915.0,4003.0,63.89,1.082857142857143,2649.0,24550.85714285714,12087.26530612245,441.4081632653061,1.0,67813000,2427206.0,66449.0,4611.0,8.0,,18.73808435382175,0.6140836881255385,3466.835056910706,94.30408413051859,0.8432854214636469,3.906330644566676,36.20376202624444,3.466835056910706,0.09430408413051859,0.0043105936282760784,5.266583946188151e-06,,France
2021-01-10,122263.0,3429.0,106438.0,63.89,1.137142857142857,2611.285714285714,24596.0,13386.755102040815,426.9183673469388,1.0,67813000,2549469.0,69878.0,110937.0,120.0,,25.756334120512076,0.7223646540591668,3605.0198971541495,98.71095091333098,22.42258648257498,3.8507155180949293,36.270331647324255,3.605019897154149,0.09871095091333097,0.08731006064998072,0.00010027575833542241,,France
2021-01-17,118842.0,3454.0,351260.0,63.89,1.1114285714285717,2712.5714285714284,24923.14285714286,17396.326530612245,490.3673469387755,1.0,67813000,2668311.0,73332.0,461570.0,746.0,1.0,25.035654773315695,0.727631238005355,3784.593556650537,103.77277007569135,73.99761107752201,4.000075838808825,36.752750736795086,3.784593556650537,0.10377277007569133,0.4942128668965706,0.0006688561611658953,1.4746435049326823e-06,France
2021-01-24,130149.0,3414.0,683158.0,63.89,1.0871428571428572,2869.0,25794.0,17208.18367346939,492.61224489795916,1.0,67813000,2798460.0,76746.0,1143460.0,2014.0,1.0,27.417625360497674,0.7192047036914541,3962.225110650929,108.85776220741492,143.91635822040024,4.230752215651866,38.03695456623361,3.962225110650929,0.10885776220741492,1.3456747652683536,0.002238508840487812,1.4746435049326825e-06,France
2021-01-31,132624.0,3159.0,590185.0,63.89,1.05,3095.8571428571427,27176.714285714286,18643.22448979592,482.51020408163265,1.0,67813000,2931084.0,79905.0,1680348.0,55310.0,2.0,27.939017171170295,0.6654855474403348,4154.669879985085,113.838475977004,124.33035385124218,4.565285627913737,40.07596520683982,4.154669879985085,0.113838475977004,2.2179525206924082,0.04464757073548898,2.7386236520178387e-06,France
2021-02-07,128451.0,3069.0,598914.0,63.89,1.03,3243.8571428571427,27739.0,18861.12244897959,449.4489795918367,1.0,67813000,3059535.0,82974.0,2056671.0,277901.0,2.0,27.05991897887257,0.6465258452340575,4349.36390199098,118.47791510688005,126.16923430189321,4.783532866643775,40.90513618332768,4.349363901990979,0.11847791510688006,2.84700615768995,0.289488530433482,2.949287009865365e-06,France
2021-02-14,110436.0,2892.0,797756.0,60.19,1.0085714285714287,3316.0,27004.285714285714,17982.48979591837,434.81632653061223,1.0,67813000,3169971.0,85866.0,2434766.0,697562.0,2.0,23.26481858724939,0.6092384308950455,4534.988234451464,122.96630860917945,168.057957703011,4.889917862356775,39.82169453391786,4.534988234451464,0.12296630860917945,3.394506952944126,0.8160883606388155,2.949287009865365e-06,France
2021-02-21,117551.0,2516.0,830124.0,60.19,1.0357142857142858,3367.714285714286,25794.0,15921.775510204083,405.4693877551021,1.0,67813000,3287522.0,88382.0,2730723.0,1231708.0,23.0,24.76368837833454,0.5300290083443756,4699.340834353295,127.15176820289409,174.87670926981974,4.96617799789758,38.03695456623361,4.699340834353295,0.1271517682028941,3.8721368216376546,1.5565258241677218,2.464761286816055e-05,France
2021-02-28,127696.0,2151.0,853743.0,64.55285714285715,1.0571428571428572,3442.5714285714284,25403.0,17000.04081632653,351.97959183673476,1.0,67813000,3415218.0,90533.0,3154522.0,1661643.0,32.0,26.90086814369769,0.45313688273002856,4874.823832767,130.78507913569038,179.85236711882044,5.076565597409683,37.46036895580493,4.874823832767,0.13078507913569035,4.39318525103699,2.251324756525824,4.1500681495962634e-05,France
2021-03-07,124259.0,2033.0,1321391.0,66.00714285714285,1.0557142857142858,3644.5714285714284,24986.14285714286,18172.14285714286,304.87755102040813,1.0,67813000,3539477.0,92566.0,4132366.0,2005176.0,46.0,26.176818182775744,0.4282786065040205,5062.405859811962,133.9321790385746,278.3686650895003,5.374443585406085,36.84565327760585,5.062405859811961,0.13393217903857457,5.37811713304023,2.7930082938163987,5.835375012376472e-05,France
2021-03-14,142978.0,1872.0,1589674.0,65.61,1.11,3986.714285714286,24947.428571428572,18133.30612244898,287.14285714285717,1.0,67813000,3682455.0,94438.0,5423698.0,2303504.0,60.0,30.120225578323584,0.3943618058905688,5249.58699448694,136.89621248348925,334.88606272290815,5.8789823274509105,36.78856350762918,5.24958699448694,0.13689621248348924,7.160361793250767,3.2556549418463803,8.15267194869926e-05,France
2021-03-21,183823.0,1799.0,1267909.0,65.61,1.1685714285714286,4281.285714285715,25495.14285714286,21259.0,265.9387755102041,1.0,67813000,3866278.0,96237.0,6489128.0,2505961.0,82.0,38.72477042960578,0.37898338076769944,5469.033118386486,139.64136669960035,267.10196738509893,6.313370171332509,37.59624682161659,5.469033118386487,0.13964136669960037,8.937192194501264,3.5977332622695606,0.00011080892622779871,France
2021-03-28,223964.0,1834.0,1860996.0,69.57714285714286,1.1714285714285713,4710.142857142857,27052.714285714286,27079.632653061224,257.7142857142857,1.0,67813000,4090242.0,98071.0,8121994.0,2734073.0,100.0,47.18100827696333,0.38635659829236285,5748.562749241085,142.30162358249893,392.0436663008146,6.945781571590781,39.89310941222816,5.748562749241086,0.14230162358249893,11.016834951579028,3.9169971623645696,0.0001341925589488741,France
2021-04-04,242407.0,1959.0,2003100.0,68.52,1.1085714285714285,5153.714285714285,28692.428571428572,32371.24489795918,264.55102040816325,1.0,67813000,4332649.0,100030.0,9658275.0,3200853.0,139.0,51.06627258574525,0.4126895180233036,6082.71507148861,145.03245269027641,421.9797721043795,7.599891297707351,42.31110343360207,6.08271507148861,0.14503245269027643,13.42749578146626,4.4455900785984985,0.00018053849767532985,France
2021-04-11,203218.0,2120.0,2154118.0,74.47142857142856,1.0957142857142856,5693.857142857143,30462.85714285714,33829.795918367345,283.1428571428571,1.0,67813000,4535867.0,102150.0,11216239.0,3796875.0,271.0,42.810586255058546,0.44660631863675526,6431.923293258141,147.955196117053,453.79373107979717,8.396409453728847,44.92185442740646,6.43192329325814,0.14795519611705302,15.530253154157124,5.219752639085216,0.0003126244230457287,France
2021-04-18,202154.0,1967.0,2582297.0,75.0,1.0314285714285716,5911.142857142857,30802.0,29009.428571428572,299.73469387755097,1.0,67813000,4738021.0,104117.0,12974437.0,4619763.0,1482.0,42.586440442308785,0.4143748248860838,6731.3732512308,151.0492088537596,543.9953569795931,8.716828421014934,45.421969238936484,6.7313732512308,0.1510492088537596,18.180227769222505,6.364551255448282,0.0013853222412053313,France
2021-04-25,179462.0,2062.0,2569452.0,75.0,0.9085714285714286,5970.285714285715,30673.285714285714,28416.040816326535,282.93877551020404,1.0,67813000,4917483.0,106179.0,14533415.0,5631856.0,5216.0,37.80606752603273,0.4343878438815988,7024.697961410685,153.9698456469577,541.2893861480416,8.804043051163811,45.232161553515866,7.024697961410686,0.15396984564695773,20.550037392746017,7.748905919851019,0.005740576501345086,France
2021-05-02,142908.0,1954.0,2806220.0,75.0,0.83,5781.142857142857,29518.0,24891.428571428572,292.3673469387755,1.0,67813000,5060391.0,108133.0,16327620.0,6698245.0,10851.0,30.10547914327426,0.41163620123406597,7281.639845710156,156.98780891148135,591.1677280588847,8.525124765373686,43.528526978602926,7.281639845710157,0.15698780891148134,23.059151321596573,9.339467358766017,0.013127487144268587,France
2021-05-09,106629.0,1533.0,3276963.0,63.89,0.8042857142857144,5264.142857142857,27139.428571428572,19675.04081632653,270.5510204081633,1.0,67813000,5167020.0,109666.0,18364115.0,7985117.0,17699.0,22.46282318392386,0.32294692758025745,7484.735543753726,159.780573046466,690.3360291221026,7.762734073323488,40.02098207044161,7.484735543753726,0.159780573046466,25.923959375678074,11.098857993937107,0.02256562690255345,France
2021-05-16,80870.0,1189.0,3589950.0,63.89,0.8142857142857143,4502.285714285715,23989.0,14707.020408163266,211.9795918367347,1.0,67813000,5247890.0,110855.0,20886413.0,9091428.0,24277.0,17.036345749129435,0.2504787324807085,7636.548828606398,161.96873334442827,756.2709215047263,6.639266385922632,35.37522303983012,7.636548828606398,0.16196873334442824,29.283878986540717,12.931943727603851,0.03288560347678806,France
2021-05-23,83455.0,940.0,3697049.0,57.27571428571429,0.8314285714285713,3788.8571428571427,20942.571428571428,11605.612244897959,164.77551020408166,1.0,67813000,5331345.0,111795.0,23696598.0,10013762.0,35624.0,17.58091052916529,0.19802355637667451,7756.34781363034,163.6696292956892,778.8327564668385,5.587213576832086,30.882826933731625,7.756347813630341,0.1636696292956892,33.34647886730526,14.295772618398074,0.04683973363725034,France
2021-05-30,60391.0,772.0,3451929.0,54.63,0.8114285714285714,3229.1428571428573,18079.85714285714,11451.448979591836,130.85714285714286,1.0,67813000,5391736.0,112567.0,26059339.0,11162493.0,45803.0,12.722170843769947,0.16263211225829013,7874.5554476491025,165.0204027462075,727.1949541912528,4.76183454078548,26.661343905825053,7.874555447649103,0.16502040274620752,37.072933971783755,15.731720003117818,0.062189508543452475,France
2021-06-06,46483.0,565.0,4069415.0,54.63,0.7528571428571428,2689.1428571428573,15351.857142857143,8343.448979591836,106.06122448979592,1.0,67813000,5438219.0,113132.0,28629011.0,12752380.0,55884.0,9.792264862826555,0.11902479718385224,7960.680737574548,166.11522021694114,857.2766283750904,3.9655270481218308,22.638516424368696,7.960680737574548,0.16611522021694114,40.78122778818221,17.918774950441446,0.07744975152256942,France
2021-06-13,27004.0,355.0,4061502.0,54.214285714285715,0.6671428571428571,2259.4285714285716,13230.142857142857,6242.897959183674,76.42857142857143,1.0,67813000,5465223.0,113487.0,30927200.0,14583352.0,65046.0,5.688753315314594,0.07478549203587175,8025.123080066822,166.90415449208012,855.6096492244429,3.3318516677164722,19.509744233617237,8.025123080066823,0.16690415449208013,44.3490154647971,20.490410814614137,0.09157957492347654,France
2021-06-20,14820.0,309.0,4097347.0,52.91428571428571,0.6542857142857142,1834.0,11241.285714285714,3609.061224489796,49.775510204081634,1.0,67813000,5480043.0,113796.0,32728721.0,16927385.0,73022.0,3.1220309633003365,0.06509497757488555,8062.37763092201,167.41796242187021,863.1608772864874,2.70449618804654,16.57688896566398,8.062377630922011,0.1674179624218702,47.26354133531076,23.673294206125668,0.10396594837483752,France
2021-06-27,10690.0,234.0,4108663.0,46.45428571428572,0.7728571428571429,1463.7142857142858,9542.142857142857,2032.8571428571431,42.612244897959194,1.0,67813000,5490733.0,114030.0,34060687.0,19741426.0,80266.0,2.2519912953900536,0.0492952257363211,8083.361807997202,167.85782751305584,865.5447438438899,2.1584567645057517,14.071258987425505,8.083361807997202,0.16785782751305586,49.50481808165733,27.515130895677398,0.1145943361049609,France
2021-07-04,13906.0,171.0,4145515.0,45.34142857142857,1.0371428571428571,1178.4285714285713,8289.285714285714,1592.7755102040815,32.142857142857146,1.0,67813000,5504639.0,114201.0,35261299.0,22717108.0,91342.0,2.9294846542276973,0.036023434191926954,8099.80324042377,168.1896223016657,873.3081099072871,1.7377620388842427,12.2237413391027,8.099803240423771,0.1681896223016657,51.312986764021225,31.870195769458444,0.12877429738503574,France
2021-07-11,23318.0,142.0,3976150.0,44.037142857142854,1.3442857142857143,989.1428571428571,7429.571428571428,2178.65306122449,23.83673469387755,1.0,67813000,5527957.0,114343.0,36509105.0,25478586.0,102543.0,4.912248178288613,0.029914196814348704,8122.292396527425,168.43567710363163,837.6291103054408,1.4586330897362705,10.955969251576288,8.122292396527424,0.16843567710363164,53.13483697816053,36.06641541550187,0.14534549844003783,France
2021-07-18,46656.0,96.0,4336587.0,42.54,1.6228571428571428,916.4285714285714,7020.428571428572,3807.4285714285716,19.346938775510203,1.0,67813000,5574613.0,114439.0,38243744.0,28145328.0,112327.0,9.828709623734175,0.020223682353362502,8161.594595220891,168.63538596687107,913.5599790179295,1.3514054405918796,10.352629394700973,8.16159459522089,0.16863538596687108,55.3070292042613,40.06495825705564,0.16055075828275658,France
2021-07-25,118078.0,119.0,4796089.0,38.44857142857143,1.6442857142857144,877.2857142857143,6869.428571428572,8122.734693877551,14.183673469387754,1.0,67813000,5692691.0,114558.0,40589906.0,30680733.0,122121.0,24.874707967920184,0.025068939583855605,8245.441560931216,168.78179700057512,1010.3602132755834,1.2936836805416578,10.12995822545614,8.245441560931216,0.16878179700057513,58.50604035045956,43.94134731857145,0.17510106574592735,France
2021-08-01,143183.0,240.0,4374255.0,36.79714285714285,1.3828571428571428,1035.0,7287.571428571428,17380.632653061224,19.46938775510204,1.0,67813000,5835874.0,114798.0,43210184.0,32500658.0,132201.0,30.163411566682324,0.050559205883406254,8424.85322030542,168.98276984396168,921.4952463813303,1.5262560276053263,10.746569873875847,8.42485322030542,0.16898276984396166,62.28718661192228,47.01173247438861,0.18972363074083984,France
2021-08-08,147135.0,282.0,3577080.0,36.44571428571429,1.1914285714285715,1411.142857142857,8233.714285714286,20535.367346938776,35.142857142857146,1.0,67813000,5983009.0,115080.0,45348736.0,33984286.0,141930.0,30.995953156895748,0.05940706691300235,8636.82964286241,169.34553214617512,753.5596840892285,2.0809326488178628,12.141793292900013,8.636829642862411,0.16934553214617512,65.77415940053635,49.30641722720675,0.20435736089371823,France
2021-08-15,150930.0,353.0,3161260.0,46.76857142857143,1.0857142857142859,1778.7142857142858,9409.285714285714,21096.734693877548,41.73469387755102,1.0,67813000,6133939.0,115433.0,46902711.0,35626272.0,150987.0,31.79542059992711,0.07436416532017671,8854.600782403711,169.77633871297328,665.9616466290703,2.622969468559547,13.875342064627304,8.854600782403711,0.16977633871297332,68.39519603278765,51.665547271804186,0.2181461203182702,France
2021-08-22,133571.0,699.0,3120068.0,45.63142857142857,0.9685714285714286,2041.2857142857142,10389.57142857143,21207.163265306124,57.48979591836735,1.0,67813000,6267510.0,116132.0,48019027.0,37648895.0,160371.0,28.13851537105191,0.14725368713542072,9073.511821374326,170.36977739202976,657.284001592615,3.0101687202833003,15.320914026177027,9.073511821374327,0.17036977739202977,70.2523079224169,54.42192837024506,0.23172969363227866,France
2021-08-29,112124.0,464.0,3025098.0,44.339999999999996,0.8785714285714287,2248.714285714286,11093.42857142857,18643.877551020407,95.06122448979592,1.0,67813000,6379634.0,116596.0,48883083.0,39816732.0,173269.0,23.620418335296016,0.0977477980412521,9265.963331935933,171.35104731288354,637.2773024978354,3.3160519158779076,16.35885239029179,9.265963331935934,0.17135104731288356,71.64172861924915,57.566387818601996,0.24805863182575613,France
2021-09-05,85782.0,489.0,2584698.0,44.32285714285714,0.8200000000000001,2264.285714285714,10933.142857142857,15480.122448979591,66.79591836734694,1.0,67813000,6465416.0,117085.0,49609766.0,41576725.0,284356.0,18.07112416287648,0.10301438198744026,9425.756966110584,172.0405484831185,544.5011597017849,3.3390142218832883,16.122488102786864,9.425756966110585,0.17204054848311848,72.77833959354612,60.424427469659214,0.34673798323541,France
2021-09-12,64820.0,437.0,1817178.0,43.92,0.7742857142857142,2191.1428571428573,10329.857142857143,11826.775510204083,68.79591836734694,1.0,67813000,6530236.0,117522.0,50109835.0,42723380.0,463321.0,13.655198855676641,0.09205988737936889,9547.83890994352,172.75069466242252,382.8128192866517,3.231154582665355,15.232856742596764,9.547838909943522,0.1727506946624225,73.6223170441403,62.37760859169439,0.5962381844189167,France
2021-09-19,46736.0,386.0,1553107.0,43.27571428571429,0.7642857142857142,1939.142857142857,9349.42857142857,8890.938775510203,61.38775510204082,1.0,67813000,6576972.0,117908.0,50519731.0,43587377.0,749114.0,9.84556269236198,0.08131605612914507,9639.615665769943,173.38437004282787,327.1827357164977,2.859544419422319,13.78707411768919,9.639615665769943,0.1733843700428279,74.28633426797644,63.79359225264435,0.9662041201539527,France
2021-09-26,36114.0,331.0,1273212.0,42.77285714285715,0.7814285714285715,1649.7142857142858,8310.142857142857,6459.7959183673465,54.02040816326531,1.0,67813000,6613086.0,118239.0,50795348.0,44283152.0,1053457.0,7.607896505305557,0.06972957144753113,9706.296938429421,173.94199595105027,268.2191151717644,2.4327404564232316,12.254498189348439,9.706296938429421,0.17394199595105025,74.75924654143432,64.90504917936089,1.4111786404208213,France
2021-10-03,30916.0,276.0,1069899.0,42.37428571428571,0.8328571428571429,1425.857142857143,7583.428571428572,5053.061224489796,46.16326530612245,1.0,67813000,6644002.0,118515.0,51053118.0,44802636.0,1348129.0,6.512868371214116,0.05814308676591721,9758.457185832469,174.41851646650136,225.3885158977103,2.1026309746761576,11.182853687978072,9.758457185832468,0.17441851646650136,75.13549193054008,65.77993115521465,1.843486604970391,France
2021-10-10,26346.0,191.0,1013107.0,42.06714285714286,0.9128571428571429,1210.2857142857142,6940.571428571428,4323.306122448979,37.693877551020414,1.0,67813000,6670348.0,118706.0,51283453.0,45229123.0,1706228.0,5.550136825850922,0.04023670134887748,9803.084532885605,174.80761168844577,213.42452247883358,1.7847399676842408,10.234868577664207,9.803084532885604,0.17480761168844575,75.49719417473683,66.45852986469093,2.331006064998072,France
2021-10-17,31095.0,175.0,966961.0,41.81428571428571,0.9799999999999999,1082.0,6548.142857142857,3860.6326530612246,26.95918367346939,1.0,67813000,6701443.0,118881.0,51496566.0,45575218.0,2115542.0,6.550577112268823,0.036866087623317056,9842.93593095298,175.08589798416233,203.70325116760165,1.5955642723371624,9.656176333657053,9.842935930952978,0.17508589798416233,75.82047605705607,67.01856660438054,2.9077340838566563,France
2021-10-24,34241.0,179.0,960102.0,41.605714285714285,1.052857142857143,1023.5714285714286,6427.714285714285,4506.346938775509,25.081632653061227,1.0,67813000,6735684.0,119060.0,51682926.0,45870361.0,2595487.0,7.21332403605714,0.037708741054707166,9889.452717662647,175.34480325095697,202.25831119612548,1.5094029589775244,9.478587122991588,9.889452717662648,0.17534480325095694,76.11213041747158,67.47954732657665,3.5759283407521947,France
2021-10-31,38425.0,177.0,938856.0,41.42857142857143,1.1185714285714285,1038.0,6501.428571428572,4976.959183673469,25.53061224489796,1.0,67813000,6774109.0,119237.0,51841220.0,46112320.0,3135281.0,8.094739525291189,0.037287414339012115,9940.827401404282,175.6083431116242,197.78255749529694,1.5306799581201245,9.587289415640912,9.940827401404281,0.17560834311162418,76.3632217589969,67.86662502554293,4.3459966588791445,France
2021-11-07,48057.0,212.0,903400.0,41.28142857142858,1.237142857142857,1092.0,6701.714285714285,5685.857142857143,26.0,1.0,67813000,6822166.0,119449.0,51986515.0,46335039.0,3671524.0,10.123848988078562,0.044660631863675526,9999.519687544107,175.87672822952194,190.31327747945505,1.6103107073864893,9.882639443343143,9.999519687544108,0.17587672822952194,76.57516995266394,68.1886448236853,5.081367036661744,France
2021-11-14,66361.0,233.0,1129009.0,41.11714285714286,1.3471428571428572,1167.7142857142858,6968.714285714285,7238.836734693878,30.714285714285715,1.0,67813000,6888527.0,119682.0,52117791.0,46571215.0,4433860.0,13.979831090119678,0.04908456237847358,10074.242612562697,176.19377658308244,237.84082698007757,1.721962287045678,10.276369259160168,10.0742426125627,0.17619377658308247,76.78515055056869,68.55323231323113,6.167545835080084,France
2021-11-21,119701.0,317.0,1551247.0,40.94428571428572,1.4642857142857142,1313.142857142857,7756.857142857143,10568.714285714286,35.0,1.0,67813000,7008228.0,119999.0,52277784.0,46852405.0,5544597.0,25.21661459770672,0.06678028443766576,10183.338213701123,176.55506424179097,326.79090187090134,1.9364175853344594,11.438599004404972,10.183338213701123,0.17655506424179096,76.99986580744105,68.93515718646447,7.6024295805060556,France
2021-11-28,195222.0,454.0,2028285.0,40.74714285714286,1.4685714285714284,1522.142857142857,8920.285714285714,18641.38775510204,48.08163265306122,1.0,67813000,7203450.0,120453.0,52444115.0,47168728.0,7090785.0,41.126122045709735,0.09564116446277683,10375.764023333073,177.05138711287972,427.2853287717694,2.2446180778653906,13.154241390715223,10.375764023333074,0.17705138711287974,77.24408657421353,69.36534608829744,9.5311893421194,France
2021-12-05,288799.0,619.0,3414500.0,41.04,1.3900000000000001,1936.2857142857142,10775.142857142857,29798.591836734693,68.22448979591837,1.0,67813000,7492249.0,121072.0,52585969.0,47610948.0,9921823.0,60.83936708300769,0.13040061850761864,10683.36012269034,177.755634718164,719.3100353703777,2.8553311522653684,15.889494429007502,10.68336012269034,0.17775563471816405,77.46867056674763,69.95488644191695,13.022053925606343,France
2021-12-12,337285.0,903.0,4433693.0,43.604285714285716,1.2757142857142856,2438.285714285714,13250.142857142857,42246.510204081635,94.22448979591836,1.0,67813000,7829534.0,121975.0,52741623.0,48170827.0,13640443.0,71.05359065160283,0.19022901213631602,11119.449915839987,178.72826744134605,934.0166550450714,3.5956021917415746,19.53923710371589,11.119449915839988,0.17872826744134604,77.6919671955019,70.71472115544638,18.045544785976563,France
2021-12-19,360652.0,1033.0,5121512.0,44.35285714285715,1.247142857142857,2855.5714285714284,15122.57142857143,48660.448979591834,131.6530612244898,1.0,67813000,8190186.0,123008.0,52912883.0,48847635.0,17914235.0,75.97616133442598,0.21761524865649443,11621.74762108403,180.08725676282046,1078.914915176399,4.210949860014199,22.300401735023417,11.621747621084031,0.18008725676282045,77.92797609392214,71.65692987648808,24.082639022016426,France
2021-12-26,519740.0,1157.0,3060118.0,44.02285714285715,1.3814285714285715,3187.285714285714,16124.57142857143,54768.40816326531,150.10204081632654,1.0,67813000,8709926.0,124165.0,53073692.0,49276358.0,20385014.0,109.4901736076732,0.24373750502958766,12187.094762698262,181.636685759789,644.6547332896558,4.700110176936154,23.777994526965962,12.18709476269826,0.181636685759789,78.20265140902187,72.50893486499639,29.224837841880294,France
2022-01-02,1140724.0,1315.0,2682670.0,43.79571428571428,1.552857142857143,3485.5714285714284,18153.14285714286,86921.71428571429,168.51020408163262,1.0,67813000,9850650.0,125480.0,53238162.0,49663640.0,22516165.0,240.30874821726135,0.2770223155694968,13084.344552561563,183.376133105536,565.1402701968228,5.1399752681217885,26.769414208400832,13.084344552561562,0.183376133105536,78.44012926303638,73.08972973997821,32.42314347649313,France
2022-01-09,1726217.0,1484.0,4565385.0,48.212857142857146,1.4714285714285715,3750.8571428571427,20993.85714285714,174909.4081632653,191.30612244897958,1.0,67813000,11576867.0,126964.0,53537252.0,50308849.0,26137508.0,363.650669593483,0.3126244230457287,14889.847711458611,185.35089142199874,961.7593339667277,5.531177123644645,30.95845507919889,14.889847711458613,0.18535089142199876,78.77564268123895,73.82878756917658,36.54934641693228,France
2022-01-16,1961912.0,1499.0,3805640.0,47.98714285714285,1.2942857142857143,3913.714285714286,24015.0,251412.5306122449,212.30612244897958,1.0,67813000,13538779.0,128463.0,53806771.0,50879164.0,29103540.0,413.30296972135557,0.3157843734134416,17485.054698740867,187.54242233368655,801.708901158859,5.771333351590824,35.41356377095837,17.485054698740864,0.18754242233368656,79.19546631387576,74.72796829937792,41.349047906954205,France
2022-01-23,2417043.0,1658.0,2472859.0,47.82,1.1685714285714286,3826.5714285714284,27610.428571428572,289561.53061224485,217.3877551020408,1.0,67813000,15955822.0,130121.0,53989356.0,51264154.0,31008986.0,509.1823944418579,0.3492798473111982,20474.054911510855,189.7864084214784,520.9407804234754,5.642828703303834,40.715539161264914,20.474054911510855,0.1897864084214784,79.51450712147481,75.39110473971489,44.737756140310225,France
2022-01-30,2329374.0,1933.0,1877562.0,44.80714285714286,1.002857142857143,3693.4285714285716,30804.571428571428,343502.69387755106,242.46938775510202,1.0,67813000,18285196.0,132054.0,54113658.0,51618907.0,32407621.0,490.7137485227232,0.4072122707192679,24019.86302668473,192.28929977606487,395.5335154869167,5.44649045378994,45.425761179377744,24.019863026684725,0.19228929977606485,79.72889816743944,75.91291450648949,47.02718694898365,France
2022-02-06,1707588.0,1996.0,1501615.0,44.62428571428571,0.8185714285714286,3656.4285714285716,32817.42857142857,320078.20408163266,277.42857142857144,1.0,67813000,19992784.0,134050.0,54201370.0,51953747.0,33486776.0,359.72622190014135,0.42048406226366203,27323.871739721206,195.1530574626441,316.33525809421286,5.39192864410743,48.394007891449384,27.323871739721206,0.1951530574626441,79.87926377369699,76.42000648843143,48.76949889507068,France
2022-02-13,958639.0,1988.0,1387214.0,44.458571428571425,0.6942857142857143,3442.285714285714,32453.428571428572,228656.46938775512,284.97959183673476,1.0,67813000,20951423.0,136038.0,54265214.0,52246263.0,34517755.0,201.95011070359456,0.4187987554008818,29684.179181825653,198.09476059162697,292.23515929309804,5.076144270693988,47.85723765565389,29.684179181825648,0.19809476059162698,79.98770168383223,76.88519436854712,50.33637355669267,France
2022-02-20,565947.0,1745.0,965154.0,34.104285714285716,0.66,3074.714285714286,29930.428571428572,128934.306122449,279.0408163265306,1.0,67813000,21517370.0,137783.0,54307808.0,52447973.0,35238714.0,119.22429538373383,0.367607559443933,31015.104141430955,200.9751606834762,203.3225824799712,4.534107450952304,44.13671209270873,31.015104141430953,0.20097516068347618,80.06265591721773,77.24082803339435,51.63056072265958,France
2022-02-27,393549.0,1331.0,528578.0,29.904285714285717,0.6928571428571428,2668.1428571428573,26424.714285714286,77331.24489795919,240.83673469387756,1.0,67813000,21910919.0,139114.0,54336983.0,52572633.0,35613571.0,82.90635381753603,0.2803929292950572,31813.35626755089,203.46119896943483,111.35201636432963,3.9345595345182445,38.96703329113044,31.81335626755089,0.20346119896943482,80.1117499594473,77.45753637629532,52.31831128039082,France
2022-03-06,348284.0,1094.0,330706.0,29.830000000000002,0.8285714285714285,2247.285714285714,23374.714285714286,55297.51020408164,185.30612244897958,1.0,67813000,22259203.0,140208.0,54359119.0,52648355.0,35846500.0,73.37067692456777,0.23046571348519354,32384.165067380673,205.37402225869036,69.66763642032396,3.3139452822994326,34.46937060108576,32.38416506738067,0.2053740222586904,80.14881744124072,77.59928964315735,52.74691936438652,France
2022-03-13,419228.0,820.0,182419.0,29.784285714285716,1.0314285714285716,1943.142857142857,21386.285714285714,51202.69387755102,150.69387755102042,1.0,67813000,22678431.0,141028.0,54374719.0,52691675.0,35970066.0,88.31597818370265,0.17274395343497137,32912.70510711178,206.92956049303652,38.42899907518785,2.86544299344205,31.537147323206046,32.91270510711178,0.20692956049303654,80.17480550505486,77.67745986336375,52.97569408309827,France
2022-03-20,586328.0,792.0,209732.0,18.830000000000002,1.1914285714285715,1713.142857142857,20676.428571428572,63299.91836734693,116.57142857142857,1.0,67813000,23264759.0,141820.0,54387404.0,52724966.0,36133858.0,123.51782528002427,0.16684537941524066,33566.11880149403,208.13286959306157,44.18284736807733,2.526274987307533,30.49036109806169,33.56611880149402,0.20813286959306157,80.19474626651865,77.73270169436539,53.19080559774675,France
2022-03-27,851993.0,727.0,245114.0,18.827142857142857,1.2357142857142858,1539.857142857143,20644.14285714286,89182.8775510204,111.81632653061224,1.0,67813000,24116752.0,142547.0,54399146.0,52751669.0,36340555.0,179.48370624258726,0.15315226115515146,34486.70945941676,209.2870941307082,51.63653829543851,2.2707403342384835,30.442751179188146,34.48670945941676,0.20928709413070817,80.21241986892527,77.77458536184591,53.4769833428483,France
2022-04-03,959358.0,801.0,258388.0,18.82,1.147142857142857,1538.142857142857,21773.285714285714,123904.40816326531,105.36734693877551,1.0,67813000,25076110.0,143348.0,54411051.0,52774992.0,36563757.0,202.10157765788693,0.16874134963586837,35765.71327453017,210.37474904727495,54.43288370750657,2.2682123739443134,32.10783435961499,35.76571327453017,0.21037474904727496,80.23012191088519,77.81166590476752,53.8011289449347,France
2022-04-10,928373.0,788.0,294644.0,18.82,1.0285714285714287,1555.0,23233.571428571428,136418.79591836737,114.16326530612244,1.0,67813000,26004483.0,144136.0,54426811.0,52796110.0,36821546.0,195.5741735149813,0.16600272598385057,37173.89691399247,211.553199871074,62.07069440962647,2.2930706501703213,34.2612352035324,37.173896913992465,0.21155319987107402,80.25346804552855,77.84366187688411,54.15904662190773,France
2022-04-17,822438.0,852.0,283424.0,18.82,0.9057142857142857,1635.5714285714287,24747.0,130462.7755102041,113.87755102040816,1.0,67813000,26826921.0,144988.0,54436504.0,52814627.0,37076792.0,173.25755070140366,0.17948518088609222,38520.599505783764,212.7287014078632,59.707051534577225,2.4118847839963258,36.493002816569096,38.520599505783764,0.21272870140786324,80.26934932408662,77.87298811226673,54.55086551040572,France
2022-04-24,539161.0,889.0,236513.0,18.82,0.7957142857142857,1656.857142857143,25010.714285714286,111709.97959183673,122.46938775510203,1.0,67813000,27366082.0,145877.0,54445057.0,52830756.0,37288653.0,113.58146668043001,0.1872797251264507,39673.72627667261,213.99289221830622,49.824622754591935,2.4432736243156077,36.88188737515562,39.67372627667262,0.21399289221830622,80.28180795506971,77.89677979991195,54.86193376322702,France
2022-05-01,376510.0,867.0,278122.0,18.82,0.7328571428571429,1617.5714285714287,24064.571428571428,73703.59183673469,126.55102040816327,1.0,67813000,27742592.0,146744.0,54454985.0,52852013.0,37535613.0,79.31686086317204,0.1826451312538051,40434.53193761837,215.2992157003187,58.59011441126965,2.3853412009075377,35.486663956131466,40.43453193761837,0.2152992157003187,80.29626220004171,77.924752312557,55.227329989403636,France
2022-05-08,264928.0,749.0,263555.0,18.82,0.7314285714285714,1447.0,21919.714285714286,51509.95918367347,121.44897959183673,1.0,67813000,28007520.0,147493.0,54466833.0,52870437.0,37768921.0,55.81062206782939,0.15778685502779702,40966.24372486522,216.5528733428694,55.52138127750474,2.1338091516375917,32.32376430140871,40.96624372486523,0.21655287334286938,80.31329854579084,77.95556814854295,55.575689869831116,France
2022-05-15,216715.0,614.0,266871.0,18.81,0.7757142857142857,1289.2857142857142,19765.14285714286,36862.91836734694,104.24489795918366,1.0,67813000,28224235.0,148107.0,54477057.0,52887307.0,38008720.0,45.65390959592661,0.129347301718381,41346.76136686814,217.62894177475454,56.21994097212713,1.9012368045739227,29.146539538352318,41.34676136686814,0.21762894177475453,80.32876439620722,77.98113025104752,55.927481877684635,France
2022-05-22,162239.0,466.0,258074.0,18.81,0.8200000000000001,1128.142857142857,17637.571428571428,29847.5306122449,84.69387755102039,1.0,67813000,28386474.0,148573.0,54486393.0,52902459.0,38242328.0,34.17781251382478,0.09816912475694715,41654.862636957514,218.5031947098218,54.36673541314245,1.6636085369219134,26.009130149929113,41.65486263695751,0.21850319470982177,80.34288157980666,78.00404747509432,56.27444906265339,France
2022-05-29,113355.0,300.0,178696.0,18.81,0.8428571428571427,1040.2857142857142,16078.857142857143,22179.367346938776,63.183673469387756,1.0,67813000,28499829.0,148873.0,54493357.0,52914681.0,38401848.0,23.879744928806314,0.06319900735425783,41883.80925696927,219.1554084657177,37.64469939392152,1.5340505718456847,23.710582252454753,41.88380925696928,0.2191554084657177,80.35497492052725,78.02441293388752,56.5630778759235,France
2022-06-05,148073.0,329.0,246342.0,18.81,0.96,935.2857142857143,14724.857142857143,16902.102040816328,43.44897959183673,1.0,67813000,28647902.0,149202.0,54501990.0,52929820.0,38624437.0,31.19355538655673,0.06930824473183608,42058.28128192866,219.60391075457508,51.89523289887527,1.379213003827753,21.7139149467759,42.058281281928664,0.21960391075457508,80.36630502790237,78.0445066369491,56.84167068682574,France
2022-06-12,193813.0,237.0,237406.0,18.81,0.9942857142857143,884.0,14156.142857142857,22086.755102040817,45.12244897959183,1.0,67813000,28841715.0,149439.0,54510063.0,52944325.0,38839290.0,40.82929737450257,0.04992721580986368,42286.271911622505,220.06968743877596,50.01274513314978,1.3035848583604914,20.8752641191849,42.28627191162251,0.22006968743877597,80.37846283161046,78.0656580807304,57.14646643816714,France
2022-06-19,297927.0,265.0,275311.0,18.81,1.1199999999999999,845.1428571428571,13960.57142857143,29812.34693877551,34.42857142857142,1.0,67813000,29139642.0,149704.0,54517789.0,52958224.0,39093007.0,62.7623022134399,0.05582578982959441,42594.00999808296,220.42507652346472,57.99793971236024,1.2462844250259641,20.586865982291638,42.59400999808297,0.22042507652346474,80.39023111876989,78.0871455325675,57.51830390717329,France
2022-06-26,456705.0,291.0,345716.0,18.81,1.3471428571428572,835.1428571428571,14455.285714285714,45801.36734693877,38.387755102040806,1.0,67813000,29596347.0,149995.0,54525433.0,52972698.0,39416628.0,96.21100884575439,0.0613030371336301,43066.79482020936,220.82133429957594,72.82969342161532,1.2315379899766374,21.316393190517623,43.06679482020935,0.22082133429957593,80.4013933274488,78.1077903309732,57.946504357571555,France
2022-07-03,731586.0,264.0,574992.0,18.81,1.3942857142857144,926.7142857142857,15818.142857142857,70853.38775510204,41.0204081632653,1.0,67813000,30327933.0,150259.0,54534681.0,52989312.0,39965766.0,154.1183633142402,0.055615126471746885,43798.17923659813,221.2447676488495,121.1297454554647,1.3665732023569017,23.326121624383017,43.79817923659812,0.22124476764884946,80.41399373487174,78.13098183871192,58.63491239564264,France
2022-07-10,903969.0,424.0,746446.0,18.8,1.2442857142857144,1022.2857142857143,17539.0,108030.30612244898,40.9795918367347,1.0,67813000,31231902.0,150683.0,54545052.0,53006943.0,40684233.0,190.43314493007028,0.08932126372735105,44913.32256141363,221.6677796714073,157.24882081185447,1.5075069887568966,25.863772433014322,44.91332256141363,0.22166777967140727,80.42940944740894,78.15760779117363,59.63006313580835,France
2022-07-17,683784.0,585.0,542940.0,18.8,1.0385714285714287,1181.857142857143,19583.85714285714,124644.85714285714,63.857142857142854,1.0,67813000,31915686.0,151268.0,54552623.0,53019862.0,41206713.0,144.04823348241277,0.12323806434080276,46199.96966447647,222.32694531811222,114.3775635097358,1.7428179594725834,28.879207737243807,46.19996966447646,0.22232694531811223,80.44226833877197,78.17939796625595,60.55477879294109,France
2022-07-24,522296.0,731.0,543245.0,18.8,0.9442857142857143,1293.2857142857142,20799.14285714286,94387.75510204081,86.55102040816327,1.0,67813000,32437982.0,151999.0,54560201.0,53033114.0,41729157.0,110.0286291503315,0.15399491458654158,47174.28769452127,223.22036861874355,114.4418158338793,1.9071353785936533,30.67132092245271,47.17428769452128,0.22322036861874353,80.45296498143001,78.19816596480658,61.2841349425205,France
2022-07-31,329431.0,597.0,419433.0,18.8,0.7514285714285714,1235.2857142857142,20498.571428571428,70677.69387755102,101.6938775510204,1.0,67813000,32767413.0,152596.0,54566822.0,53044264.0,42130853.0,69.39904063906836,0.12576602463497308,47903.85851006233,224.27010413089778,88.3591641720614,1.8216060553075581,30.22808521754152,47.903858510062335,0.2242701041308978,80.46332287740867,78.21584188451014,61.94093189042978,France
2022-08-07,212195.0,529.0,275928.0,11.11,0.6857142857142857,1160.2857142857142,19223.285714285714,44669.0,83.89795918367348,1.0,67813000,32979608.0,153125.0,54571782.0,53052147.0,42393966.0,44.7017112184558,0.11144091630134127,48364.9544651152,225.13614119500895,58.12791900415217,1.7110077924376068,28.347493422036653,48.364954465115204,0.22513614119500897,80.47165798382527,78.22941408200282,62.39321579722388,France
2022-08-14,151186.0,518.0,189663.0,11.11,0.7014285714285714,1053.5714285714287,17647.0,29068.48979591837,75.34693877551021,1.0,67813000,33130794.0,153643.0,54575806.0,53058533.0,42573236.0,31.84935041953608,0.1091236193650185,48665.014082845475,225.91391031218205,39.95504443943533,1.5536422641255048,26.023033931547047,48.665014082845474,0.22591391031218205,80.47782051903239,78.23938330408623,62.699342519660156,France
2022-08-21,119216.0,413.0,132760.0,11.11,0.8142857142857143,980.4285714285714,16492.85714285714,20945.551020408162,71.85714285714286,1.0,67813000,33250010.0,154056.0,54578875.0,53063708.0,42697771.0,25.114442869150672,0.08700396679102827,48881.22462823184,226.65565599516316,27.96766738783756,1.4457826249075716,24.321084663496887,48.88122462823184,0.22665565599516316,80.48260763317612,78.2470558742424,62.892249063074715,France
2022-08-28,117039.0,317.0,150728.0,11.11,0.8971428571428571,860.0,15438.857142857143,16986.42857142857,57.04081632653061,1.0,67813000,33367049.0,154373.0,54582774.0,53069788.0,42838540.0,24.655828739116604,0.06678028443766576,49056.567114185855,227.24446008034698,31.75286660164191,1.268193414242107,22.76681040929784,49.05656711418586,0.227244460080347,80.4881015228854,78.25592016701391,63.10322041075142,France
2022-09-04,106571.0,302.0,152357.0,11.11,0.9771428571428571,819.7142857142857,14383.0,16506.224489795917,44.97959183673469,1.0,67813000,33473620.0,154675.0,54587267.0,53075833.0,42980385.0,22.450604709168704,0.06362033406995286,49226.95269132972,227.70876212104295,32.09603721157553,1.2087863473291045,21.209797531446775,49.22695269132972,0.22770876212104293,80.4943466381288,78.26486788247512,63.30952661836858,France
2022-09-11,112374.0,263.0,154752.0,11.11,1.1142857142857143,765.1428571428571,13513.285714285714,15342.857142857143,42.3469387755102,1.0,67813000,33585994.0,154938.0,54591703.0,53081290.0,43125258.0,23.673084174757893,0.055404463113899356,49385.3294037595,228.14588858857655,32.60057595362036,1.1283129446313496,19.927279008871032,49.3853294037595,0.22814588858857654,80.50109924140125,78.27314400315153,63.52405628082268,France
2022-09-18,188853.0,202.0,140368.0,11.11,1.2771428571428571,728.5714285714286,13004.714285714286,17614.224489795917,36.326530612244895,1.0,67813000,33774847.0,155140.0,54595509.0,53086181.0,43256943.0,39.78440711957884,0.04255399828520027,49567.152315927626,228.52086936554517,29.57039421434154,1.074383125022383,19.177317454933842,49.56715231592762,0.22852086936554517,80.50686657214905,78.28051848465634,63.72199725716308,France
2022-09-25,230732.0,217.0,143743.0,11.11,1.312857142857143,705.1428571428571,12927.142857142857,27833.673469387755,29.163265306122447,1.0,67813000,34005579.0,155357.0,54599195.0,53091234.0,43391962.0,48.606777882875384,0.04571394865291316,49854.465536527976,228.82190730390926,30.28138304707694,1.0398343343353886,19.062927251622632,49.854465536527975,0.22882190730390928,80.51230042280136,78.28780448755084,63.917364348597296,France
2022-10-02,310114.0,217.0,134604.0,11.11,1.3042857142857145,789.0,14186.42857142857,34581.755102040814,31.0,1.0,67813000,34315693.0,155574.0,54602729.0,53096381.0,43517898.0,65.32965655552769,0.04571394865291316,50211.435860380756,229.14190494447968,28.3561306197084,1.1634937253918864,20.919924751048576,50.21143586038075,0.2291419049444797,80.51760808610233,78.29534033718777,64.10992624675842,France
2022-10-09,385474.0,314.0,138513.0,11.11,1.2357142857142858,873.8571428571429,16237.857142857143,45839.95918367347,32.97959183673469,1.0,67813000,34701167.0,155888.0,54606476.0,53101449.0,43647610.0,81.20524720291726,0.06614829436412319,50684.61904691683,229.48233693076128,29.179613685534378,1.288627759953317,23.94505056973905,50.684619046916836,0.22948233693076128,80.52318919044178,78.30311128713205,64.2940757250506,France
2022-10-16,392073.0,414.0,217933.0,11.11,1.1114285714285714,958.5714285714286,18409.14285714286,55202.387755102034,46.89795918367347,1.0,67813000,35093240.0,156302.0,54610060.0,53106591.0,43856832.0,82.59541470135309,0.08721463014887579,51254.4459448357,229.96644132709486,45.9104975657849,1.4135511311569,27.1469229456636,51.254445944835695,0.22996644132709484,80.52844081728956,78.31053864513969,64.56261083525915,France
2022-10-23,348646.0,522.0,260385.0,11.11,0.9628571428571429,1048.142857142857,20004.0,55124.16326530612,61.3469387755102,1.0,67813000,35441886.0,156824.0,54613420.0,53111193.0,44109268.0,73.44693706010858,0.10996627279640861,51823.46537010391,230.59969538078454,54.85357843312807,1.545637056527299,29.498768672673382,51.82346537010392,0.23059969538078454,80.53350832436259,78.31765042943725,64.9130758746216,France
2022-10-30,222885.0,495.0,234111.0,11.11,0.8242857142857142,1042.857142857143,19825.14285714286,47240.02040816326,74.0204081632653,1.0,67813000,35664771.0,157319.0,54616750.0,53115232.0,44336024.0,46.95370251384585,0.10427836213452542,52311.10069497841,231.3637713796975,49.31860936904218,1.5378425122869406,29.235018148648283,52.311100694978414,0.23136377137969752,80.53853138146711,78.3238888034532,65.269974151606,France
2022-11-06,153617.0,445.0,160038.0,11.11,0.85,1043.4285714285713,19008.85714285714,30427.08163265306,69.6938775510204,1.0,67813000,35818388.0,157764.0,54619449.0,53118638.0,44489966.0,32.36147304246341,0.0937451942421491,52625.18438310395,232.08318674674683,33.71414246320238,1.5386851657183305,28.031287721907514,52.62518438310395,0.23208318674674683,80.54261382667882,78.32901845621677,65.51185423780943,France
2022-11-13,151055.0,397.0,188113.0,11.11,0.9957142857142857,968.5714285714286,18111.0,21893.0,62.59183673469387,1.0,67813000,35969443.0,158161.0,54622234.0,53122380.0,44671569.0,31.82175351965805,0.08363335306546785,52851.174974878384,232.72929126526518,39.62851623477167,1.428297566206227,26.707268517835814,52.85117497487839,0.23272929126526518,80.54716857913886,78.3348386634674,65.80508141085464,France
2022-11-20,221689.0,469.0,221228.0,11.11,1.1957142857142855,968.2857142857143,17989.571428571428,23020.795918367345,58.183673469387756,1.0,67813000,36191132.0,158630.0,54625436.0,53126507.0,44885477.0,46.701749137860205,0.09880111483048973,53088.8072451342,233.3298924984885,46.6046333298925,1.4278762394905318,26.528204663665413,53.0888072451342,0.23332989249848848,80.55139469676062,78.34047475094324,66.08269990372685,France
2022-11-27,293632.0,455.0,200901.0,11.11,1.2842857142857143,993.0,18303.428571428572,33138.08163265306,66.71428571428571,1.0,67813000,36484764.0,159085.0,54628365.0,53129972.0,45079989.0,61.85750309148477,0.09585182782062437,53430.87524305285,234.01855101529205,42.32247925492584,1.464321000398154,26.99103206085643,53.43087524305285,0.23401855101529204,80.55582157656245,78.34592798262449,66.37854751828031,France
2022-12-04,384070.0,485.0,275980.0,11.11,1.2714285714285716,1091.2857142857142,19501.14285714286,43793.10204081633,65.61224489795919,1.0,67813000,36868834.0,159570.0,54631413.0,53133703.0,45349205.0,80.90947584849934,0.10217172855605015,53882.92973745026,234.69583371077186,58.13887349876025,1.6092573905972516,28.75723365305009,53.882929737450254,0.23469583371077185,80.56018947062405,78.35124070184604,66.72526654181351,France
2022-12-11,429679.0,569.0,443930.0,11.11,1.1585714285714286,1162.857142857143,21398.85714285714,55797.9387755102,71.00000000000001,1.0,67813000,37298513.0,160139.0,54635051.0,53138046.0,45785165.0,90.51762093656716,0.11986745061524232,54458.90421347782,235.4287315327234,93.51978444925226,1.7147997328788622,31.555685698696625,54.458904213477815,0.23542873153272342,80.56520367986754,78.35728042031553,67.27772340322441,France
2022-12-18,391192.0,721.0,537008.0,11.11,1.01,1342.4285714285713,23796.14285714286,60597.26530612244,84.38775510204083,1.0,67813000,37689705.0,160860.0,54638819.0,53142604.0,46313855.0,82.40982028308942,0.1518882810080663,55084.419759380304,236.2998245174229,113.12790847098428,1.9796035736932025,35.090827506735955,55.08441975938031,0.2362998245174229,80.57077741098946,78.36391315613737,68.02981876631324,France
2022-12-25,299842.0,807.0,297545.0,11.11,0.8485714285714286,1442.2857142857142,25096.85714285714,54020.28571428572,104.75510204081634,1.0,67813000,37989547.0,161667.0,54642032.0,53146072.0,46604735.0,63.165722543717905,0.17000532978295355,55642.04440362256,237.38115953325428,62.68182881074215,2.1268572608286234,37.00891737993769,55.64204440362256,0.23738115953325428,80.57613710813982,78.36998468477388,68.62154959752766,France
2023-01-01,151707.0,808.0,148475.0,11.11,0.7457142857142857,1471.4285714285713,24638.14285714286,39811.40816326531,115.30612244897961,0.9841269841269842,67813000,38141254.0,162475.0,54644479.0,53148912.0,46747926.0,31.959106028974638,0.17021599314080108,56052.99784491385,238.57140750509276,31.278242056411436,2.1698325858295187,36.33247733788928,56.052997844913854,0.2385714075050928,80.57997075992593,78.37433741107374,68.87361757437996,France
2023-01-08,80829.0,775.0,234587.0,,0.74,1374.857142857143,22855.428571428572,20225.938775510203,114.75510204081634,0.7936507936507936,67813000,38222083.0,163250.0,54648507.0,53153029.0,46974374.0,17.027708551457685,0.1632641023318327,56261.780189639154,239.75596756626942,49.4188851273776,2.027424155924591,33.70360929531,56.26178018963916,0.23975596756626943,80.58513264418328,78.37952963085459,69.14946186045238,France
2023-01-15,43524.0,506.0,199373.0,,,1232.7142857142858,20533.428571428572,10785.673469387755,105.22448979591836,0.7777777777777778,67813000,38265607.0,163756.0,54652082.0,53157104.0,47166106.0,9.168911986955726,0.1065956590708482,56373.11535293485,240.84214783933126,42.00058564413482,1.8178141148663023,30.279487076856316,56.37311535293485,0.24084214783933125,80.59043483023694,78.38567763029002,69.45909275718309,France
2023-01-22,31693.0,398.0,141125.0,,,1105.4285714285713,18609.571428571428,5976.265306122448,70.08163265306123,0.7777777777777778,67813000,38297300.0,164154.0,54654934.0,53160361.0,47301131.0,6.676553800261644,0.08384401642331539,56434.80537865685,241.56556581017966,29.729866376232117,1.6301130630241567,27.442483636723683,56.434805378656854,0.24156556581017966,80.59504751512036,78.39088333252577,69.68669492364506,France
2023-01-29,29999.0,326.0,103482.0,,,940.4285714285714,16495.285714285714,4493.0,55.387755102040806,0.7777777777777778,67813000,38327299.0,164480.0,54657387.0,53163910.0,47398622.0,6.319690072067934,0.0686762546582935,56481.1843915305,242.13730616337784,21.799865596777693,1.386796884710264,24.324665940580296,56.4811843915305,0.24213730616337784,80.59886536715463,78.39577030110114,69.84833312618103,France
2023-02-05,26127.0,260.0,73725.0,,,829.5714285714286,14304.714285714286,4206.551020408163,45.224489795918366,0.7777777777777778,67813000,38353426.0,164740.0,54659668.0,53166917.0,47467063.0,5.504001550482314,0.054772473040356776,56524.60653351338,242.604136164368,15.531156057308861,1.2233221190205839,21.09435401134633,56.52460653351337,0.242604136164368,80.60237965329024,78.40065979763678,69.96387860734667,France
2023-02-12,22545.0,171.0,51791.0,,,776.0,13526.142857142857,3659.326530612245,35.3265306122449,0.7777777777777778,67813000,38375971.0,164911.0,54661654.0,53169497.0,47514303.0,4.749405402672475,0.036023434191926954,56562.37994821894,242.96879443680203,10.910465966281222,1.1443233598277618,19.946238711077314,56.56237994821895,0.24296879443680203,80.60541088834631,78.40470453410744,70.0438679056481,France
2023-02-19,24116.0,180.0,35836.0,,,749.0,13077.714285714286,3252.775510204082,24.612244897959183,0.7777777777777778,67813000,38400087.0,165091.0,54663335.0,53171771.0,47546191.0,5.080357537850938,0.037919404412554696,56595.956738172834,243.2228544463662,7.549332091823944,1.1045079851945792,19.28496643079393,56.59595673817283,0.24322285444636615,80.60804628695298,78.40822050554992,70.09773705421,France
2023-02-26,26274.0,170.0,28673.0,,,730.5714285714286,12965.285714285714,3489.1836734693884,25.510204081632654,0.7777777777777778,67813000,38426361.0,165261.0,54664764.0,53173949.0,47571263.0,5.5349690640859,0.03581277083407943,56631.97385246402,243.4861836436756,6.040350459562115,1.0773324120322483,19.119174368167926,56.63197385246402,0.2434861836436756,80.61033198438564,78.41152897358492,70.13828722263536,France
2023-03-05,25318.0,152.0,23500.0,,,719.0,12783.857142857143,3733.918367346939,23.918367346938773,0.7777777777777778,67813000,38451679.0,165413.0,54666185.0,53176031.0,47591264.0,5.333574893983665,0.03202083039282396,56670.51724174253,243.73308109907288,4.950588909416863,1.0602686800465988,18.851631903701566,56.67051724174252,0.24373308109907285,80.6123926933521,78.41460191998586,70.1699391814886,France
2023-03-12,35851.0,125.0,17428.0,,,741.8571428571429,13024.285714285714,3831.8163265306116,21.163265306122447,0.7777777777777778,67813000,38487530.0,165538.0,54667396.0,53177859.0,47605656.0,7.552492042191658,0.02633291973094076,56710.07118314862,243.95153900116074,3.671441000566684,1.0939748173022028,19.206178334958953,56.71007118314862,0.2439515390011608,80.614285292959,78.41740500662536,70.19391456758186,France
2023-03-19,46305.0,163.0,14951.0,,,755.8571428571429,13280.714285714286,5334.918367346939,18.63265306122449,0.7777777777777778,67813000,38533835.0,165701.0,54668500.0,53179459.0,47617906.0,9.754766785129695,0.03433812732914675,56765.1409021869,244.14387464687553,3.1496278631783623,1.1146198263712606,19.58431906229526,56.76514090218689,0.24414387464687554,80.61593647235782,78.41989989277235,70.21307650661167,France
2023-03-26,54593.0,168.0,13826.0,,,751.7142857142857,13201.714285714286,6784.142857142857,23.387755102040817,0.7777777777777778,67813000,38588428.0,165869.0,54669606.0,53181079.0,47629009.0,11.500744694969992,0.03539144411838438,56835.17024759265,244.38529485496883,2.912631585599896,1.1085105889936824,19.467822225405577,56.83517024759265,0.2443852948549688,80.61759565696421,78.42228102070611,70.23007472229303,France
2023-04-02,57282.0,210.0,13264.0,,,724.6,13162.0,7853.877551020408,24.857142857142858,0.7142857142857143,67813000,38645710.0,166079.0,54670721.0,53182676.0,47639570.0,12.06721846422199,0.044239305147980475,56916.241934226695,244.6418828248271,2.7942387784895857,1.0685266836742218,19.40925781192397,56.91624193422668,0.24464188282482713,80.61928138515371,78.42462275459194,70.24581064313416,France
2023-04-09,55344.0,188.0,10617.0,,,,,8143.591836734694,29.551020408163264,0.5555555555555556,67813000,38701054.0,166267.0,54671560.0,53184000.0,47648024.0,11.658952876713483,0.0396047112753349,57000.30419788873,244.94692336699032,2.236612870267184,,,57.00030419788873,0.24494692336699034,80.62064859034614,78.42675277180312,70.25974012568176,France
2023-04-16,52509.0,162.0,8496.0,,,,,7848.428571428572,26.3265306122449,0.5555555555555556,67813000,38753563.0,166429.0,54672232.0,53185142.0,47654708.0,11.061722257215747,0.034127463971299225,57081.319637406225,245.21867909861362,1.7897958882725813,,,57.08131963740623,0.24521867909861364,80.62162859628685,78.42845092913073,70.26970408118123,France
2023-04-23,48578.0,280.0,8222.0,,,,,7421.061224489796,25.551020408163264,0.5555555555555556,67813000,38802141.0,166709.0,54672916.0,53186265.0,47661125.0,10.23360459751712,0.058985740197307304,57157.92357554704,245.48242962263876,1.7320741282223595,,,57.15792357554704,0.24548242962263875,80.62272594171789,78.43020090964437,70.27997223456944,France
2023-04-30,40443.0,249.0,7456.0,,,,,6773.69387755102,39.367346938775505,0.5555555555555556,67813000,38842584.0,166958.0,54673693.0,53187295.0,47666776.0,8.519858181427496,0.05245517610403399,57227.84506131358,245.8887992399266,1.5707059961111542,,,57.22784506131357,0.24588879923992663,80.62379484759559,78.43176192512603,70.28867157793175,France
2023-05-07,31332.0,239.0,6058.0,,,,,5591.632653061225,35.367346938775505,0.5555555555555556,67813000,38873916.0,167197.0,54674352.0,53188121.0,47671350.0,6.600504328078687,0.050348542525558725,57285.564714730215,246.25387883907638,1.2761986218403132,,,57.28556471473022,0.24625387883907637,80.62482604473226,78.43304823558904,70.29560914363239,France
2023-05-14,24280.0,160.0,4944.0,,,,,4332.081632653061,32.53061224489796,0.5555555555555556,67813000,38898196.0,167357.0,54674819.0,53188746.0,47675202.0,5.114906328537933,0.033706137255604174,57330.28264702723,246.58967623148533,1.0415196411981689,,,57.330282647027225,0.24658967623148534,80.62559433399834,78.43406173700365,70.30163559031033,France
2023-05-21,20650.0,132.0,4519.0,,,,,3394.4897959183677,22.285714285714285,0.5555555555555556,67813000,38918846.0,167489.0,54675207.0,53189333.0,47678746.0,4.350198339551413,0.027807563235873443,57365.322283338006,246.81972061825482,0.9519877141129703,,,57.365322283338,0.2468197206182548,80.62625097168474,78.43503310574668,70.30768773791793,France
2023-05-28,25230.0,149.0,5078.0,,,,,3043.469387755102,19.204081632653065,0.5555555555555556,67813000,38944076.0,167638.0,54675627.0,53189874.0,47682863.0,5.315036518493083,0.03138884031928139,57396.7385098938,247.01795483798938,1.0697485311497374,,,57.3967385098938,0.24701795483798936,80.62684820230425,78.43579844572574,70.31326568230702,France
2023-06-04,18614.0,112.0,4258.0,,,,,3469.2653061224487,20.53061224489796,0.5555555555555556,67813000,38962690.0,167750.0,54675982.0,53190396.0,47686247.0,3.92128774297385,0.023594296078922918,57432.55001674774,247.22988217598393,0.8970045777147659,,,57.43255001674773,0.24722988217598393,80.62738960713389,78.4365557804972,70.31829716594585,France
2023-06-11,15618.0,106.0,5540.0,,,,,2598.0,15.877551020408163,0.5555555555555556,67813000,38978308.0,167856.0,54676443.0,53190985.0,47690740.0,3.290140322862662,0.022330315931837763,57459.36788352845,247.39377826838933,1.1670750024752945,,,57.459367883528444,0.24739377826838935,80.62806541518589,78.43745004645127,70.32478559736755,France
2023-06-18,11200.0,67.0,5595.0,,,,,2140.979591836735,14.346938775510205,0.5555555555555556,67813000,38989508.0,167923.0,54676751.0,53191503.0,47695509.0,2.3594296078922916,0.014114444975784247,57481.46815507352,247.54187460895614,1.1786614871569083,,,57.481468155073514,0.24754187460895616,80.62855984208674,78.43825056721109,70.33167028656537,France
2023-06-25,7982.0,62.0,4929.0,,,,,1534.3265306122448,9.469387755102039,0.5555555555555556,67813000,38997490.0,167985.0,54677107.0,53191864.0,47699721.0,1.6815149223389532,0.013061128186546617,57497.3062476432,247.6396224069974,1.038359690830456,,,57.4973062476432,0.2476396224069974,80.62908060190735,78.43885833099849,70.33815534737334,France
2023-07-02,0.0,0.0,3768.0,,,,,1140.2857142857142,8.857142857142858,0.5555555555555556,67813000,38997490.0,167985.0,54677388.0,53192184.0,47702888.0,0.0,0.0,57507.39533717724,247.71798917611667,0.9260761210977245,,,57.507395337177236,0.24771798917611665,80.62950294682928,78.43931743667635,70.34312054227557,France
